Reaction,agent_call_AJ,agent_call_AJ_flop,agent_call_top_pair_AJ,agent_raise_AJ,agent_raise_aggressive_AJ,background_agent_v1,background_agent_v2,player_call,player_raise,player_random
t-stats,-1.0473802952693927,-0.7572739649917761,-1.99229815801651,-1.965818625225064,-1.9710129594528132,-0.24218412394577585,-0.2641352718976872,2.413880818082707,2.278542199339451,2.989847686620372
p-value,0.3222364003523453,0.4682473897621602,0.07750906050062295,0.080884236319739,0.080211313502691,0.8140659956820054,0.7976245209721027,0.03900003895986571,0.04867839537975721,0.015204674506386013

Cash,agent_call_AJ,agent_call_AJ_flop,agent_call_top_pair_AJ,agent_raise_AJ,agent_raise_aggressive_AJ,background_agent_v1,background_agent_v2,player_call,player_raise,player_random
t-stats,-1.625185102158778,-1.517224514193814,-1.5491808675439442,-1.5241126008360573,-1.4578116241289625,0.1330426045089685,-0.6334659610763692,2.8457329759019983,2.38005901434697,2.8119439515075872
p-value,0.1385686716499205,0.1635204465678702,0.15574761066929346,0.16181659024145384,0.17888496609201446,0.8970868940884879,0.5421902437481234,0.01922252164285269,0.04122370402320008,0.02031246427228927
